642014,"Sung","Weeler","Florina"
2958979,"Tamara","Schoenborn","Alexandro"
7448542,"Hung","Figurelli","Kalamata"
13544704,"Maire","Tibbit","Rethymno"
1624402,"Johnette","Neth","Thessalon"
4233143,"Luz","Monsegur","Kalyvia T"
2038761,"Yang","Dieffenbacher","Alexandro"
10613780,"Ena","Ludvigson","Pefki"
7682046,"Odell","Helem","Paiania"
1595599,"Erna","Lackage","Kaisarian"
8673812,"Na","Vecchi","Vyronas"
10695205,"Olene","Tuzzo","Metamorfo"
13475779,"Demetrius","Gibney","Keratsini"
1246349,"Sung","Cregan","Kalamaria"
10593965,"Jordon","Llorca","Korydallo"
12816704,"Rocco","Gaisford","Xanthi"
5574993,"Verena","Gerry","Voula"
11465852,"Tonie","Stetzenbach","Ilio"
1600408,"Clarice","Beu","Alexandro"
3329966,"Jeromy","Michel","Agios Ioa"
5935693,"Byron","Jacox","Drama"
4698998,"Carmelina","Cutwright","Edessa"
11937520,"Mose","Lowber","Kavala"
3387403,"Austin","Staiano","Palaio Fa"
7761899,"Ivey","Niemiec","Galatsi"
9855030,"Rodrick","Wolfman","Agia Varv"
11903588,"Lara","Eudy","Arta"
12323862,"Brandy","Mems","Tavros"
8024618,"Chi","Ence","Aspropyrg"
3226585,"Sydney","Seminario","Ioannina"
6965343,"Phillip","Taualii","Kalamaria"
11008479,"Amina","Sheil","Nikaia"
10160377,"Kirsten","Cheadle","Karditsa"
7795347,"Fawn","Mckray","Nikaia"
13222961,"Janiece","Cavrak","Glyka Ner"
10095031,"Han","Lady","Xanthi"
10258537,"Chun","Steimer","Melissia"
10614843,"Maris","Difalco","Ialysos"
13927231,"Kelvin","Presutti","Efkarpia"
7268325,"Odell","Niblack","Cholargos"
14289946,"Loren","Dante","Piraeus"
3198675,"Ngan","Molleur","Voula"
10923489,"Leisa","Eno","Pallini"
1610164,"Trista","Strock","Egaleo"
6584860,"Fatimah","Stergios","Efkarpia"
10876268,"Oliver","Chalker","Orestiada"
9753726,"Carley","Tara","Argyroupo"
6167354,"Jeneva","Elmaghrabi","Sykies"
9978450,"Antonio","Ohme","Edessa"
7679791,"Laurena","Bekhit","Drapetson"
4414552,"Camille","Santomauro","Vari"
3527295,"Zenaida","Glazier","Pyrgos"
13093066,"Syreeta","Jacox","Perama"
6057770,"Pedro","Fredericksen","Nafplio"
9401647,"Darline","Aldous","Papagou"
2720973,"Rafaela","Falkowski","Kilkis"
8699646,"Arden","Kneefe","Lamia"
12561232,"Carlos","Richberg","Chalandri"
1285856,"Elvera","Lundgreen","Pefka"
6337927,"Brian","Klinge","Nea Alika"
7753073,"Mariel","Graben","Ierapetra"
8066780,"Jazmin","Eaton","Gerakas"
5128136,"Johnie","Oh","Kos"
3687765,"Krishna","Cryar","Mytilene"
1620602,"Ena","Uhyrek","Keratsini"
13909142,"Valentin","Krolikowski","Neo Psych"
1584605,"Kala","Negri","Aspropyrg"
2661474,"Cora","Struss","Missolong"
8951636,"Antonette","Spradley","Rafina"
11174815,"Rodrick","Gillmor","Kaisarian"
4407142,"Sharon","Hafer","Ioannina"
8183103,"Cordie","Cherny","Veria"
3953803,"Eliz","Schreurs","Nea Smyrn"
2689503,"Rebbeca","Yosten","Artemis"
2368200,"Lincoln","Goettsche","Chalandri"
11855015,"Brain","Sieminski","Peraia"
4665733,"Philomena","Llorca","Agios Dim"
10796653,"Zola","Timpe","Palaio Fa"
1923949,"Lisa","Piccone","Kalyvia T"
7607709,"Tiera","Schrecker","Mandra"
4938202,"Svetlana","Mamon","Keratsini"
10491151,"Thresa","Calhoon","Ilioupoli"
5573578,"Socorro","Wms","Keratsini"
12884279,"So","Wolfgang","Kastoria"
10550499,"Louanne","Harres","Melissia"
13758295,"Burton","Nantz","Chania"
940513,"Lupe","Oharra","Kozani"
4005068,"Emely","Chhan","Heraklion"
3972898,"Scottie","Polston","Egaleo"
4825354,"Sung","Rush","Thessalon"
3117179,"Tiana","Levitre","Chalcis"
2167969,"Eustolia","Tomasini","Paiania"
7522293,"Kazuko","Sheirich","Metamorfo"
9464787,"Debroah","Caddell","Zografou"
6818134,"Judi","Chestnutt","Thessalon"
11425351,"Faustina","Cantave","Livadeia"
5666480,"Cherish","Neel","Orestiada"
13788734,"Fausto","Blondell","Trikala"
9643552,"Hillary","Nappier","Nea Filad"
5322290,"Hosea","Camero","Naousa"
2803744,"Long","Ziebold","Agios Ioa"
11835224,"Burl","Riskalla","Kalamata"
9418506,"Sun","Coatsworth","Florina"
7645967,"Misha","Scheib","Agios Ioa"
8913810,"Athena","Alvira","Chaidari"
4615831,"Gil","Garrington","Tavros"
6623252,"Shenika","Bilazzo","Agios Ioa"
8145844,"Fatima","Wendt","Rafina"
12189943,"Monserrate","Jamerson","Palaio Fa"
1078873,"Charolette","Tsasie","Palaio Fa"
146317,"Analisa","Meisinger","Thebes"
9417582,"Charolette","Wehby","Petroupol"
8198877,"Madelyn","Chiado","Peraia"
13404805,"Tianna","Taualii","Acharnes"
2358466,"Lai","Puppe","Gazi"
6426381,"Syreeta","Tommolino","Tavros"
2831351,"Lera","Brankovich","Kaisarian"
11334694,"Marty","Agerton","Zografou"
627582,"Genie","Stribling","Larissa"
12290822,"Jene","Adolphe","Glyka Ner"
8264589,"Cari","Perrella","Irakleio"
5653157,"Kasie","Murril","Agia Para"
13590566,"Hilton","Sozio","Ellinikon"
14364447,"Windy","Mcroyal","Ptolemaid"
13404605,"Merle","Walega","Giannitsa"
6628375,"Quintin","Bergin","Glyfada"
598760,"Velma","Laforce","Nea Ionia"
3930679,"Jeana","Palo","Larissa"
2904970,"Armida","Herwehe","Koropi"
10257762,"Denisse","Stoy","Galatsi"
941057,"Sherman","Ingham","Nafplio"
873205,"Rocco","Essex","Ialysos"
4941548,"Kelsie","Neth","Neapoli"
1674072,"Corinna","Glaus","Egaleo"
6176409,"Belinda","Beadling","Larissa"
1431719,"Sunny","Mccline","Katerini"
11272683,"Riley","Gunderson","Komotini"
7576801,"Verla","Ricciardelli","Marousi"
8711844,"Vanna","Muraro","Ano Liosi"
12810397,"Leeanna","Figuroa","Komotini"
7889457,"Armida","Debenedetti","Argyroupo"
14316119,"Katrina","Hawk","Megara"
12392014,"Olene","Bigney","Menemeni"
8478195,"Mattie","Cadigan","Agrinio"
8133569,"Catharine","Berube","Eleusina"
12648467,"Lessie","Lady","Xanthi"
12717110,"Courtney","Trossbach","Pylaia"
4793808,"Nilda","Penya","Alexandre"
11734752,"Tobi","Moyerman","Agioi Ana"
6650418,"Calista","Milbauer","Kaisarian"
11951842,"Abram","Donate","Eleusina"
4760648,"Zula","Chubbs","Patras"
2314931,"Leland","Mazor","Ierapetra"
10076258,"Roslyn","Jin","Heraklion"
2067180,"Darcey","Brasier","Ptolemaid"
2404134,"Delbert","Grismore","Polichni"
8619912,"Brian","Lavallee","Vari"
8333614,"Leonie","Blackwelder","Megara"
6694163,"Larita","Arris","Chios"
1132267,"Jacki","Ellert","Kalymnos"
8798020,"Genie","Thrash","Aigio"
9168227,"Brittaney","Dunwoody","Neo Psych"
3184331,"Ira","Aschbacher","Rafina"
896264,"Tobias","Bodwin","Egaleo"
4957839,"Courtney","Ficenec","Dafni"
12621693,"Leila","Hallet","Loutraki"
3185522,"Chantay","Cosgriff","Corfu"
6809024,"Trudie","Ramu","Agia Para"
1538141,"Leeanne","Whelihan","Patras"
1018593,"Dede","Tresch","Metamorfo"
1785533,"Janiece","Wulkan","Irakleio"
7394907,"Jeannine","Sieminski","Kalamata"
5179338,"Marleen","Ziebold","Chios"
7833088,"Celina","Huffaker","Nea Smyrn"
11719927,"Hilma","Avant","Volos"
11391273,"Regine","Alcantara","Piraeus"
4639732,"Von","Snider","Kaisarian"
13377887,"Tommye","Summers","Loutraki"
10374298,"Emmanuel","Hadden","Missolong"
11438799,"Enid","Clarey","Orestiada"
1369188,"Roslyn","Shanon","Ampelokip"
14069888,"Shanda","Rota","Pallini"
11019078,"Mia","Bertel","Argyroupo"
9927012,"Roland","Pagoda","Ierapetra"
6799923,"Trinidad","Letze","Pefka"
4726851,"Spencer","Krzak","Kavala"
14086767,"Clarice","Obi","Panorama"
14111408,"Kareem","Molfetta","Galatsi"
1446158,"Christina","Lormand","Eleusina"
6171515,"Hang","Jagher","Salamis"
9145375,"Maryrose","Dinsdale","Sparta"
1660331,"Kacy","Seamans","Loutraki"
1507623,"Zoraida","Schenz","Pylaia"
5045828,"Gordon","Wesche","Kavala"
3802122,"Noriko","Rieff","Edessa"
12967406,"Raisa","Loisel","Larissa"
2791078,"Lashunda","Jarvinen","Ilio"
10425628,"Kristina","Culbreath","Naousa"
5615285,"Christoper","Meinke","Palaio Fa"
13667346,"Naomi","Shoop","Agrinio"
8950756,"Su","Thomes","Kastoria"
12943996,"Mariano","Tsan","Ymittos"
2237887,"Hope","Chalker","Nikaia"
83269,"Ethelene","Tow","Patras"
2394514,"Lawerence","Reddin","Dafni"
7769272,"Xiomara","Quijano","Stavroupo"
10055742,"Saturnina","Crislip","Missolong"
10782971,"Myles","Leonardis","Nafpaktos"
13473025,"Corene","Ploof","Thebes"
12423964,"Claudette","Ploch","Volos"
13121682,"Marvin","Timpe","Trikala"
7358780,"Latrina","Hession","Palaio Fa"
4483421,"Edwina","Gehler","Gazi"
10652612,"Carie","Thomen","Metamorfo"
2822124,"Lupe","Jaureguy","Kos"
515990,"Charisse","Durman","Ampelokip"
245940,"Porsha","Addeo","Kalyvia T"
12509665,"Claudette","Foreback","Dafni"
5259235,"Krysten","Fossen","Edessa"
1026138,"Sun","Begor","Agia Varv"
3951968,"Isadora","Dronet","Athens"
277452,"Lonnie","Marciel","Melissia"
919740,"Dorathy","Kanable","Kallithea"
13757417,"Casey","Clarey","Kalymnos"
1535995,"Ming","Lebeau","Agia Varv"
12725766,"Darline","Pardoe","Edessa"
1812504,"Everett","Macioce","Pylaia"
3527412,"Pearlene","Castellano","Naousa"
8597248,"Deann","Juel","Moschato"
2256203,"Burl","Slatton","Polichni"
14328836,"Jaquelyn","Siler","Rafina"
12072086,"Whitley","Zabala","Keratsini"
12568397,"Dulce","Stackhouse","Alexandro"
2649238,"Minnie","Kitthikoune","Nafpaktos"
14118097,"Krystina","Difalco","Mytilene"
4793321,"Jayna","Woodrome","Perama"
7532026,"Tonisha","Esplin","Papagou"
5713537,"Kitty","Vierling","Metamorfo"
168751,"Lorina","Zabala","Aigio"
5524628,"Renee","Holderness","Irakleio"
10283966,"Norris","Sirmon","Thebes"
1180103,"Millie","Fredericksen","Glyfada"
7545045,"Hillary","Apsey","Efkarpia"
9793595,"Astrid","Kellom","Pyrgos"
4877692,"Jolene","Marklund","Alexandre"
13084907,"Keitha","Spaugh","Mandra"
12446250,"Maisie","Uken","Mandra"
11599185,"Iesha","Fellenbaum","Lamia"
3294141,"Eulalia","Honts","Larissa"
1187938,"Jacklyn","Scercy","Livadeia"
3510271,"Caroline","Moradian","Alexandro"
13934981,"Myrna","Rush","Pylaia"
6759223,"Cory","Opatrny","Kozani"
13471553,"Norah","Igbal","Egaleo"
2118167,"Alexander","Bisby","Agioi Ana"
821349,"Luetta","Lavere","Kos"
4179493,"Cathleen","Corbeil","Pyrgos"
3382091,"Susanne","Brockney","Loutraki"
8155973,"Afton","Doliveira","Nea Makri"
13094027,"Cathleen","Philippi","Tyrnavos"
3880238,"Windy","Holk","Metamorfo"
5643755,"Maurita","Reinsch","Kalyvia T"
992196,"Justa","Adlam","Agia Varv"
5245866,"Lily","Mesi","Ierapetra"
569755,"Hiram","Landsaw","Drama"
3594632,"Dawne","Lehoullier","Alexandro"
591355,"Charita","Bual","Zografou"
621391,"Jackelyn","Hanscom","Kavala"
7123517,"Fermin","Bawa","Megara"
1014998,"Karissa","Doliveira","Drama"
740967,"Vincenza","Littell","Drapetson"
5772236,"Isadora","Riemersma","Heraklion"
8208646,"Daphne","Gilling","Alimos"
10369856,"Reba","Chhan","Agios Dim"
8057508,"Magaret","Menefield","Stavroupo"
3619394,"Jenell","Brauer","Larissa"
7631303,"Brigida","Ohotnicky","Pefki"
8419911,"Jaquelyn","Saysithideth","Xanthi"
642744,"Joelle","Meffert","Vyronas"
10216816,"Bradly","Bekhit","Ilioupoli"
11827527,"Milly","Jaureguy","Keratsini"
5545014,"Cameron","Gonyo","Acharnes"
2092660,"Carolann","Maddin","Vrilissia"
12596544,"Shari","Rediske","Chaidari"
3518007,"Pedro","Taverab","Ierapetra"
9616480,"Celina","Manheim","Agios Dim"
9275254,"Sharita","Kanzenbach","Efkarpia"
14255440,"Lanita","Marlette","Tyrnavos"
5574870,"Lieselotte","Pelton","Sykies"
5332030,"Audie","Yentzer","Kalyvia T"
8019401,"Adrian","Wolman","Vrilissia"
7980507,"Edelmira","Glapion","Sparta"
12722926,"Debera","Loukanis","Ymittos"
3748517,"Myrtie","Padel","Nikaia"
9718612,"Carter","Oeder","Giannitsa"
8753403,"Peggy","Penya","Dafni"
5034481,"Jodee","Angocicco","Pefki"
8183920,"Gwyn","Caza","Thessalon"
7005320,"Nelida","Alcantara","Preveza"
12421304,"Ai","Zbranek","Naousa"
2495133,"Travis","Tiedeman","Agios Dim"
5744635,"Viva","Felonia","Ymittos"
6079655,"Shon","Shuff","Vyronas"
9291492,"Natisha","Thakur","Corinth"
13226390,"Nickolas","Coriell","Agios Nik"
1662776,"Dorothy","Thrash","Ierapetra"
5557473,"Janell","Crookshanks","Nea Makri"
11679942,"Chet","Vandergraph","Argos"
7621379,"Amber","Rheaume","Ialysos"
12120652,"Aurelio","Kazanowski","Loutraki"
919726,"Vicki","Huffer","Nea Filad"
3872227,"Jodee","Kushiner","Drapetson"
6060468,"Genevie","Tuzzo","Argos"
161113,"Ginger","Bussinger","Lamia"
5412237,"Tristan","Boles","Ialysos"
10369460,"Clotilde","Caringi","Trikala"
11654696,"Jessie","Sozio","Patras"
6671470,"Genie","Wair","Agios Ioa"
14101608,"Chantelle","Tsan","Sykies"
6450465,"Clora","Okray","Thermi"
13710775,"Georgie","Menefield","Pylaia"
10027435,"Lavonne","Zagulski","Nea Smyrn"
8687551,"Yuonne","Aliotta","Gazi"
10098699,"Usha","Fuerstenberg","Piraeus"
897531,"Shu","Moesch","Gazi"
9944229,"Delmer","Zurn","Nea Ionia"
13651492,"Nicky","Mayer","Vrilissia"
1336704,"Connie","Karraker","Chaidari"
13843912,"Darrin","Pelton","Ilio"
5487355,"Brittanie","Bemer","Serres"
9018690,"Julian","Scavone","Ilioupoli"
12413471,"Jo","Varnedore","Kilkis"
3832563,"Racquel","Tigert","Komotini"
5908624,"Claretta","Elliam","Nikaia"
3434809,"Johnny","Desano","Pefki"
3292349,"Brandy","Delger","Arta"
7278842,"Jeffrey","Hutchcroft","Cholargos"
14347748,"Phebe","Lamberth","Irakleio"
4147801,"Ermelinda","Parihar","Aspropyrg"
14245202,"Milan","Bench","Chios"
10904800,"Ronald","Huesman","Oraiokast"
5992625,"Taunya","Juel","Vyronas"
9782126,"Felicitas","Steckman","Nafplio"
5407434,"Lula","Falks","Rafina"
4524595,"Frederic","Ache","Thebes"
1676273,"Emil","Grider","Neapoli"
3915900,"Arden","Culbreath","Nafplio"
4353658,"Kizzie","Errett","Nea Smyrn"
5874162,"Aubrey","Homchick","Corfu"
11384027,"Glynda","Pflueger","Artemis"
4544628,"Christiana","Slatton","Xanthi"
14211278,"Zola","Smelley","Marousi"
2576158,"Letisha","Ores","Agrinio"
1316389,"Marcie","Honnold","Pefki"
2929756,"Eldridge","Falks","Larissa"
13530818,"Desirae","Boshell","Acharnes"
9242005,"Edra","Cannella","Chios"
5190435,"Dorathy","Schlabs","Petroupol"
5382842,"Shandra","Laurion","Kifissia"
12896101,"Giovanni","Nehlsen","Thebes"
9099145,"Jordon","Nugal","Kastoria"
7320719,"Gretta","Schnabl","Amaliada"
8431103,"Anastasia","Beede","Ellinikon"
9650212,"Dusti","Bure","Nea Alika"
6610317,"Jeana","Bill","Ellinikon"
8706638,"Willy","Maye","Athens"
11056885,"Callie","Damelio","Thermi"
5521391,"Cameron","Fugit","Argyroupo"
13785536,"Lakeisha","Evetts","Ymittos"
2108865,"Stephaine","Werderman","Kifissia"
6992832,"Demetrius","Esteves","Kaisarian"
9248537,"Clarence","Sofer","Alimos"
4133573,"Vertie","Killam","Giannitsa"
11353175,"Lili","Ion","Agios Dim"
7925433,"Liza","Moothart","Argos"
3914726,"Renna","Corin","Argos"
8809267,"Alita","Stradford","Egaleo"
4058629,"Earlie","Rufi","Agios Nik"
1850813,"Lakita","Kufner","Kifissia"
1019673,"Earnest","Kotschevar","Nikaia"
998609,"Bryon","Gattie","Chios"
13578765,"Olga","Taverab","Chalandri"
8612020,"Debora","Turrey","Tripoli"
2521564,"Simone","Bosshart","Kilkis"
12323515,"Alicia","Kjar","Nea Smyrn"
2234371,"Brittni","Coatsworth","Ialysos"
11831723,"Carline","Tersigni","Naousa"
14298970,"Bong","Portrum","Trikala"
6227626,"Lajuana","Castellano","Galatsi"
812752,"Jacques","Pelzer","Ioannina"
11573891,"Adriana","Zatarain","Nea Smyrn"
6136303,"Blythe","Keele","Aigio"
7659070,"Ivey","Hausauer","Cholargos"
8255188,"Amber","Sankoff","Vrilissia"
9482635,"Hosea","Reinartz","Patras"
14169921,"Anjanette","Magorina","Megara"
8835505,"Maria","Pinelo","Ierapetra"
9698093,"Sherman","Touton","Nea Smyrn"
3956672,"Hye","Harrold","Neapoli"
12863102,"Ethelene","Deterline","Egaleo"
3952087,"Madie","Benzel","Chalandri"
1823115,"Eusebia","Cisar","Kifissia"
12507724,"Jean","Winzenried","Corinth"
340329,"Alan","Koontz","Orestiada"
5443315,"Shanae","Okun","Livadeia"
6618579,"Sonya","Hopping","Ioannina"
2918424,"Elena","Krepps","Nea Alika"
4539824,"Lizzie","Tackes","Peristeri"
2272469,"Isadora","Borroel","Evosmos"
5317830,"Meaghan","Kiper","Kallithea"
12220924,"Isabell","Chafetz","Ilioupoli"
14167607,"Laverne","Tresch","Ierapetra"
2521089,"Sharika","Kochen","Orestiada"
1695051,"Candie","Hiss","Corfu"
7990748,"Damion","Kufner","Melissia"
6603495,"Jolynn","Klingshirn","Vrilissia"
11183898,"Cindy","Zaitlin","Eleftheri"
1303236,"Vesta","Sluss","Paiania"
13482137,"Mandy","Wegrzyn","Alexandro"
4207952,"Ricky","Tow","Nea Alika"
921951,"Xuan","Monterio","Mytilene"
11199590,"Louvenia","Stahmer","Katerini"
13088116,"Celestina","Wishman","Kastoria"
1857881,"Lani","Mckinny","Cholargos"
2018072,"Kaleigh","Marlette","Larissa"
7640108,"Madaline","Smiht","Aspropyrg"
1314565,"Diedra","Mceirath","Sykies"
11114874,"Darius","Kirkbride","Thebes"
8523441,"Genie","Keasler","Kozani"
5964836,"Laverna","Corin","Kaisarian"
3316449,"Malissa","Bigney","Sykies"
5923519,"Bong","Benberry","Neo Psych"
2828384,"Anibal","Goods","Egaleo"
9809370,"Darla","Tennies","Egaleo"
2963898,"Janeth","Hafford","Menemeni"
10721963,"Rosemarie","Pinelo","Naousa"
8995050,"Glady","Berner","Marousi"
9021801,"Kelsie","Jasin","Peraia"
8349469,"Madie","Addeo","Ialysos"
7176192,"Taryn","Minturn","Alimos"
2589925,"Kelvin","Strock","Nafplio"
3918965,"Kendra","Aschbacher","Ptolemaid"
11688738,"Takako","Wittmeyer","Agios Dim"
1507885,"Paige","Leadley","Marousi"
45780,"Logan","Loukanis","Neapoli"
12397151,"Shelby","Venzon","Alexandre"
9147569,"Michale","Presutti","Sykies"
3218321,"Renee","Hughett","Pyrgos"
1787051,"Virginia","Neubauer","Kallithea"
14033903,"Man","Bellerdine","Voula"
1398355,"Omar","Starkey","Perama"
2277271,"Donnie","Culbreth","Serres"
13250410,"Joann","Larock","Vari"
3450651,"Carmelo","Javellana","Volos"
4232260,"Helga","Scheib","Neo Psych"
12430400,"Cindie","Bigbee","Zografou"
7590657,"Twana","Sawinski","Nea Eryth"
11333146,"Hipolito","Contreraz","Kilkis"
14179176,"Cherelle","Thorn","Nea Ionia"
2715762,"Lashawna","Pereira","Drama"
8320903,"Wilbur","Wolfgang","Eleftheri"
720777,"Terese","Salazar","Metamorfo"
5773613,"Harriet","Rush","Alexandro"
6254586,"Kina","Wendt","Livadeia"
4554506,"Delphine","Schlageter","Galatsi"
1595193,"Shasta","Maslowski","Dafni"
1602593,"Dayle","Montealegre","Edessa"
11691639,"Luba","Geschke","Chios"
14247083,"Gilda","Hitchens","Ilio"
4406815,"Han","Ciesiolka","Agrinio"
12052135,"Andera","Chillo","Peristeri"
12459561,"Bernard","Witchard","Tyrnavos"
12259780,"Mayra","Gallo","Pefki"
2132322,"Jayson","Raddatz","Megara"
1632560,"Daphine","Howland","Petroupol"
11669141,"Rory","Pizzini","Metamorfo"
9439562,"Leigh","Cronoble","Chalcis"
8304517,"Cecile","Zapico","Agia Para"
595369,"Jerrold","Corral","Ellinikon"
2979953,"Margie","Eiken","Acharnes"
11152425,"Tobias","Redd","Koropi"
11672541,"Roselia","Steckman","Preveza"
11166695,"Teddy","Czolba","Agia Varv"
4299954,"Joan","Rediske","Nea Eryth"
2361449,"Gina","Jacobitz","Nea Ionia"
5194064,"Asuncion","Philipps","Giannitsa"
3921648,"Leota","Cater","Galatsi"
11128849,"Leanna","Fontana","Komotini"
9866422,"Angelica","Rising","Nea Alika"
8339980,"Eugenio","Ledon","Ampelokip"
6396546,"Gail","Gavett","Rethymno"
1259742,"Malcom","Salon","Petroupol"
9948962,"Desmond","Ohme","Petroupol"
12192372,"Eliz","Mings","Thessalon"
3833981,"Carline","Lebron","Thebes"
3963993,"Shonta","Neice","Tyrnavos"
1768816,"Felicitas","Molfetta","Lamia"
12562922,"Raymundo","Carbonella","Nea Filad"
11587748,"Cleotilde","Lambuth","Corinth"
11669891,"Luetta","Rosier","Mandra"
9148532,"Clemente","Baumfalk","Ampelokip"
2906563,"Aurelio","Diedricks","Gerakas"
9335233,"Youlanda","Thivener","Kifissia"
6709492,"Micaela","Mccallum","Preveza"
13044561,"Rosena","Mandes","Neapoli"
7868942,"Demetrius","Derouen","Keratsini"
4183415,"Niki","Reifer","Gerakas"
5846571,"Shon","Yanofsky","Agios Ioa"
4774838,"Alicia","Faix","Heraklion"
4548947,"Jacquelyne","Peavey","Ymittos"
4376329,"Tennille","Borroel","Argyroupo"
10323899,"Frederic","Ellert","Stavroupo"
1854506,"Eliz","Uken","Nafplio"
12760931,"Jazmin","Murril","Kalamaria"
3841694,"Leeann","Gurr","Eleftheri"
2225605,"Vilma","Yaiva","Neapoli"
3076031,"Tad","Lehoullier","Paiania"
1834162,"Gonzalo","Yanofsky","Kos"
14296818,"Karie","Nappier","Melissia"
5842605,"Krishna","Anolick","Glyfada"
6257712,"Katelynn","Bignall","Giannitsa"
1572338,"Floretta","Weal","Vari"
10915187,"Abram","Honig","Corfu"
119107,"Sharon","Gillem","Nikaia"
11238651,"Krishna","Krom","Veria"
8408735,"Alise","Gorenflo","Chios"
14113190,"Leonora","Greiber","Tripoli"
3775472,"Sung","Struss","Arta"
12903835,"Roselle","Sydow","Piraeus"
8221124,"Maura","Aprill","Chania"
3286396,"Ashly","Entel","Ilioupoli"
124171,"Sherise","Anelli","Menemeni"
3239051,"Anton","Carlile","Drama"
5092517,"Sunny","Westbrooke","Agia Varv"
6786031,"Brandon","Oh","Athens"
2917261,"Carmelo","Mowry","Polichni"
7071140,"Flor","Schiebel","Evosmos"
7898344,"Sudie","Bogie","Kalymnos"
10545521,"Shasta","Can","Koropi"
11940951,"Myesha","Genereux","Pylaia"
3460438,"Amber","Rheaume","Agia Para"
3797807,"Hilary","Ploof","Mytilene"
6954761,"Sammy","Landberg","Ilioupoli"
3146228,"Andre","Landberg","Nea Alika"
8918830,"Thad","Whitis","Veria"
4973186,"Linsey","Corbeil","Sykies"
7246000,"Shenika","Konat","Alimos"
10540791,"Hong","Ziebold","Vyronas"
2810920,"Dillon","Barbian","Katerini"
13749894,"Brandy","Gorenflo","Drama"
7198028,"Abram","Houghton","Acharnes"
1773241,"Janita","Herb","Komotini"
8746313,"Mireya","Anspach","Aspropyrg"
10789692,"Elida","Mcgettigan","Ptolemaid"
2682007,"Dennis","Schoonover","Marousi"
4349352,"Edra","Kretz","Vrilissia"
5623381,"Delena","Guevana","Kalamaria"
9354385,"Berniece","Eudy","Livadeia"
1913458,"Marisa","Anzaldo","Sykies"
6136936,"Obdulia","Lormand","Kos"
8841903,"Cora","Mcqueary","Eleftheri"
11091272,"Isadora","Homsey","Argos"
7654837,"Rebbeca","Mischler","Agios Ioa"
9893801,"Grover","Eagen","Agia Para"
834511,"Alia","Hession","Agioi Ana"
9496134,"Lilli","Penya","Kozani"
4694279,"Millie","Turnbough","Irakleio"
5553056,"Johnnie","Lorkowski","Vyronas"
4895390,"Bettye","Taualii","Kalamaria"
13882230,"Dorian","Akim","Orestiada"
13450127,"Briana","Pascoal","Lamia"
13629077,"Hollis","Usrey","Ilio"
11573162,"Many","Borrero","Kaisarian"
11328410,"Chadwick","Hascall","Xanthi"
1046815,"Carlita","Kotschevar","Kalamaria"
55937,"Julieann","Pflueger","Thermi"
8663195,"Gerry","Jerdon","Chania"
4113714,"Agueda","Gilstad","Argos"
9596969,"Guadalupe","Tschoepe","Ilioupoli"
9056968,"Emilio","Huffer","Agia Varv"
12322484,"Jae","Zimbelman","Agioi Ana"
4075607,"Jaimie","Cozzolino","Nea Eryth"
707318,"Joette","Mealer","Ilioupoli"
10645228,"Janita","Lydecker","Glyfada"
1741549,"Ivelisse","Wauer","Mandra"
3169424,"Jacquelyn","Eagen","Aspropyrg"
4240227,"Donette","Clunie","Kamatero"
5876490,"Danyell","Reynaldo","Nea Eryth"
1520437,"Long","Dublin","Agioi Ana"
12389069,"Octavio","Shrake","Nea Alika"
13011908,"Zola","Gavett","Heraklion"
12436277,"Ben","Ciesiolka","Peristeri"
8233210,"Phebe","Hatcher","Chios"
4345203,"Onita","Kala","Oraiokast"
6543681,"Shawana","Weiderhold","Edessa"
10676792,"Tandy","Benz","Florina"
4152833,"Helene","Balbin","Ialysos"
8008917,"Jimmy","Petrovits","Chios"
12769604,"Enedina","Stradford","Thebes"
896502,"Luba","Schlabs","Aspropyrg"
4158456,"Stefani","Pocklington","Pallini"
4725353,"Grant","Westbrooke","Drapetson"
4858675,"Pasty","Polek","Veria"
14315938,"Moises","Debroux","Galatsi"
9818950,"Moises","Pipes","Chalcis"
6502695,"Daria","Warrell","Nea Ionia"
96677,"Margaret","Florea","Amaliada"
8255970,"Almeta","Jasin","Ellinikon"
6861225,"Tam","Jepperson","Gerakas"
7496929,"Brandon","Davise","Mandra"
4748284,"Celestina","Homchick","Argyroupo"
3051230,"Jenell","Stansel","Efkarpia"
1124632,"Sherise","Weal","Kalymnos"
603246,"Asuncion","Fichera","Thessalon"
6198020,"Dedra","Swartwout","Agios Dim"
1098701,"Brenna","Kriner","Pefka"
1256722,"Erna","Montalvan","Chania"
8144587,"Carline","Bajko","Preveza"
2637591,"Mellissa","Drahota","Loutraki"
14021550,"Leonor","Schlup","Kalamata"
4138221,"Niki","Parkhouse","Rethymno"
10139575,"Tia","Kubler","Xanthi"
14317851,"Jay","Haulter","Ioannina"
8049196,"Detra","Feinblatt","Chaidari"
4753039,"Kelsey","Feyen","Eleusina"
6533401,"Samira","Beland","Vyronas"
1664020,"Keva","Richey","Aigio"
784367,"Mariam","Leskovac","Nikaia"
13898049,"Sung","Petrovic","Ermoupoli"
5605210,"Bernie","Rushe","Kallithea"
699999,"Shan","Mcsharry","Agioi Ana"
11261608,"Dalia","Pollett","Thessalon"
1549840,"Williams","Fahner","Acharnes"
9489657,"Nyla","Millan","Menemeni"
10516353,"Madelyn","Dolin","Ymittos"
7707014,"Joie","Schwandt","Kamatero"
1244101,"Leif","Markum","Metamorfo"
12538349,"Catarina","Hallstrom","Zografou"
9838354,"Rikki","Tow","Alimos"
3811860,"Antwan","Leitze","Florina"
6259440,"Anne","Arrant","Missolong"
2130726,"Meryl","Troidl","Vari"
2196977,"Lara","Loukanis","Kozani"
1038886,"Naomi","Shoop","Glyka Ner"
2160109,"Richie","Schumans","Agia Varv"
10174345,"Elliott","Davise","Kozani"
8071744,"Shad","Refsal","Alexandre"
8896376,"Ricky","Depinho","Pefki"
11277602,"Edwina","Cuzzort","Glyfada"
12669046,"Burma","Palombo","Thessalon"
8803113,"Gidget","Philipps","Ermoupoli"
5284882,"Warren","Calvano","Agioi Ana"
7523201,"Tobie","Scheidecker","Eleusina"
13461386,"Letty","Paskey","Drama"
1830580,"Ira","Whelihan","Ptolemaid"
5747882,"Anita","Ruediger","Menemeni"
414261,"Levi","Gani","Nea Filad"
3023031,"Lashawn","Alvira","Sparta"
7349060,"Laverna","Roel","Komotini"
8458713,"Golden","Wolfgang","Kalyvia T"
10585789,"Marybelle","Wegrzyn","Piraeus"
12003126,"Louanne","Vedder","Preveza"
1910436,"Liane","Mccuistion","Pallini"
12313219,"Arie","Culbreath","Ierapetra"
864646,"Mia","Cherny","Keratsini"
5516573,"Cordie","Hawk","Neapoli"
5839001,"Janella","Anzaldo","Drapetson"
13897423,"Gaylene","Quader","Kallithea"
428030,"Linn","Mintzer","Kilkis"
10449136,"Estrella","Groton","Livadeia"
3280247,"Jacki","Schlueter","Chios"
9779082,"Elizbeth","Rolens","Rethymno"
7248103,"Les","Itson","Lamia"
13839422,"Almeta","Gunderson","Agioi Ana"
579991,"Carley","Batcher","Agios Dim"
2828176,"Lesa","Kneefe","Acharnes"
9904612,"Demarcus","Moros","Megara"
4426572,"Chanelle","Hurlbert","Egaleo"
878321,"Reggie","Mattingley","Vari"
10024383,"Shana","Seifer","Piraeus"
10654274,"Earlie","Smithson","Keratsini"
5565839,"Mitchell","Eric","Agios Nik"
4831039,"Winnifred","Bumpus","Keratsini"
6196202,"Jeneva","Archuleta","Florina"
4677171,"Maximo","Bozenski","Keratsini"
8490713,"Kacey","Stumbaugh","Veria"
13470393,"Fausto","Kemble","Papagou"
1862167,"Paris","Petrovits","Kaisarian"
7408763,"Sherman","Thomes","Thessalon"
8167987,"Marcene","Dante","Kastoria"
3733517,"Ralph","Truchon","Kilkis"
12774540,"Daren","Grizzard","Thebes"
3268509,"Hien","Esshaki","Oraiokast"
7501592,"Pansy","Lizardi","Ellinikon"
10904302,"Keshia","Lanouette","Petroupol"
7537818,"Tonia","Dayao","Nafpaktos"
8572179,"Terese","Colestock","Amaliada"
1143531,"Rufina","Ribbink","Missolong"
531262,"Hortensia","Cormican","Nikaia"
6809287,"Dean","Nantz","Alexandre"
12718026,"Lorri","Voitier","Drama"
12478963,"Alicia","Wms","Zografou"
12899646,"Mitzie","Rockhill","Preveza"
966802,"Lesley","Cherny","Serres"
13174475,"Vicki","Wimpy","Nea Filad"
8542484,"Roy","Sturm","Sykies"
10260074,"Moises","Pizzini","Panorama"
424195,"Ginette","Trostel","Ilioupoli"
10897469,"Winfred","Cryar","Nea Filad"
12080878,"Velva","Heusley","Thebes"
8826050,"Arden","Bilazzo","Nikaia"
8741487,"Lavette","Jaynes","Agios Ioa"
7182497,"Yelena","Philhower","Mandra"
11510008,"Amber","Kala","Heraklion"
14337060,"Jaimie","Lavere","Vari"
10498872,"Terrilyn","Tarte","Egaleo"
3026127,"Gregoria","Edelbrock","Kalamata"
9715937,"Sunny","Mercando","Heraklion"
2660396,"Nga","Hawrylak","Preveza"
7604115,"Carmelo","Willhite","Ampelokip"
10479920,"Arie","Lendor","Kalamata"
12572473,"Hong","Seigworth","Grevena"
5120722,"Lashonda","Viviani","Tripoli"
3969127,"Janella","Steines","Nafplio"
6221398,"Vicente","Essex","Karditsa"
4025849,"Candra","Goettsche","Ano Liosi"
8284650,"Annice","Durman","Loutraki"
4676703,"Rocco","Ohme","Peraia"
9440438,"Sun","Beede","Ermoupoli"
11829724,"Stefany","Chillo","Kalymnos"
77854,"Ethelene","Fonger","Edessa"
977907,"Lakeesha","Esteves","Perama"
7550669,"Shamika","Kurdyla","Trikala"
10087901,"Gilbert","Darvin","Veria"
8353724,"Marylynn","Kounick","Corinth"
3580429,"Bee","Pinto","Dafni"
1022535,"Cathrine","Cough","Chania"
7211730,"Roberto","Roos","Ilio"
1923817,"Clementina","Neault","Nikaia"
13477726,"Bettina","Esmond","Egaleo"
2333158,"Salley","Betran","Gerakas"
6635753,"Jona","Calamity","Sparta"
7822802,"Hettie","Tackes","Zografou"
7013509,"Connie","Bajko","Agia Para"
5950722,"Mario","Lavallee","Argyroupo"
2617045,"Willena","Martina","Kilkis"
6933004,"Lisette","Ficks","Chania"
10202287,"Perry","Asebedo","Peraia"
6801656,"Hildegard","Teman","Acharnes"
12437365,"Brenna","Delagrange","Rafina"
13988913,"Julian","Kealoha","Nea Ionia"
5500872,"Sheldon","Ferner","Missolong"
2528229,"Gaylene","Fairbairn","Sparta"
2116724,"Viva","Bracy","Alimos"
6085170,"Keila","Nielson","Drama"
4876168,"Delbert","Decinti","Lamia"
2640577,"Rosalia","Sesso","Tyrnavos"
10675208,"Leeanna","Fieldman","Rafina"
430203,"Salley","Zaruba","Preveza"
3313596,"Millicent","Pilkerton","Loutraki"
8810173,"Teressa","Blackwelder","Kastoria"
9098117,"Clemencia","Mallat","Ialysos"
2566064,"Minerva","Kaelker","Zografou"
2616827,"Corene","Mcleland","Rethymno"
5266391,"Natisha","Goldyn","Veria"
9159395,"Owen","Garroutte","Korydallo"
7256723,"Yasmin","Fode","Eleusina"
4881257,"Lashonda","Dettloff","Thermi"
13976832,"Mohamed","Garrahan","Kalamaria"
3693026,"Linsey","Arruda","Agios Dim"
9508011,"Anh","Rosier","Grevena"
14076916,"Krishna","Jilek","Preveza"
6772023,"Charmaine","Okoro","Evosmos"
6759720,"Rosendo","Reifer","Tripoli"
2137379,"Brock","Landberg","Vyronas"
6609209,"Martin","Stagman","Argyroupo"
11535678,"Kina","Cavrak","Naousa"
5194627,"Yelena","Manheim","Agios Ioa"
6831703,"Rona","Carnell","Ymittos"
8799928,"Hettie","Rehler","Chania"
9327176,"Bernadette","Billafuerte","Kos"
1685291,"Houston","Barbian","Edessa"
12815631,"Misha","Mckeeman","Cholargos"
11162901,"Tilda","Cater","Korydallo"
10626429,"Ellis","Licor","Dafni"
13128228,"Sean","Looper","Aigio"
9048863,"Shana","Lafler","Tyrnavos"
12505376,"Iesha","Marguez","Paiania"
2196270,"Linda","Semenick","Chalcis"
1066541,"Ashanti","Hascall","Volos"
8499551,"Claris","Stetzenbach","Tripoli"
2482159,"Cindie","Jimbo","Rhodes"
820329,"Luciano","Drejka","Loutraki"
4872680,"Nelida","Kless","Aspropyrg"
9024417,"Bradford","Scism","Korydallo"
9060263,"Marna","Chubicks","Kalamaria"
9157642,"Cornelius","Nardelli","Egaleo"
1953000,"Gita","Mather","Agios Ioa"
6385230,"Shantelle","Laforce","Karditsa"
11905968,"Sharika","Garroutte","Argos"
10814169,"Kellie","Spine","Xanthi"
13372438,"Mohammad","Glinkerman","Heraklion"
4958502,"Kandice","Eisenhart","Voula"
3701847,"Candis","Shami","Neapoli"
4420604,"Belinda","Oxton","Vari"
8087592,"Salvatore","Grobe","Kallithea"
3833253,"Jeni","Santacruz","Gazi"
13981688,"Kasey","Finkbeiner","Kos"
1624796,"Pamala","Doliveira","Nafplio"
2963873,"Mariko","Beachel","Glyfada"
7587427,"Lionel","Freme","Alexandre"
8232571,"Vivienne","Lundgreen","Corinth"
13456125,"Guadalupe","Onstead","Melissia"
3358216,"Cyndy","Bagshaw","Kos"
5901644,"Marcie","Feith","Metamorfo"
7680404,"Sheri","Merkerson","Ermoupoli"
5549218,"Kaci","Unrue","Kamatero"
4955265,"Larae","Aliotta","Alexandro"
7075588,"Miguelina","Pasculli","Chios"
5065266,"Jean","Breeden","Panorama"
3965240,"Adam","Miesse","Kallithea"
5202682,"Monet","Eldib","Nea Filad"
6577792,"Gwyn","Massi","Katerini"
3358853,"Jarod","Kuligowski","Kalyvia T"
8667979,"Adalberto","Cantella","Pefka"
12902164,"Freddie","Nordes","Nikaia"
4687635,"Stevie","Barsegyan","Grevena"
5547904,"Claire","Mcgannon","Chaidari"
1349416,"Daphine","Dienes","Sparta"
12670027,"Hong","Sutterfield","Xanthi"
1901084,"Wanita","Yeaton","Piraeus"
10126788,"Andre","Moesch","Eleftheri"
5697253,"Krystal","Schusted","Drama"
13340500,"Lorna","Provenza","Edessa"
8209382,"Irene","Rajwani","Loutraki"
4956320,"April","Wimpy","Kozani"
13704356,"Dolly","Berdine","Kozani"
8534409,"Kimbery","Beadling","Arta"
8392209,"Andree","Helem","Chalcis"
2160079,"Hassie","Moravec","Vyronas"
12625062,"Nikki","Rockenbaugh","Volos"
13551165,"Shaunda","Grose","Naousa"
4416170,"Cristi","Sotto","Kalamaria"
4567948,"Salley","Guimares","Katerini"
1084669,"Julietta","Baity","Kavala"
6529892,"Jolyn","Boshard","Athens"
6889684,"Mindy","Anelli","Voula"
13899649,"Trudi","Veselic","Egaleo"
4693672,"Art","Stolle","Volos"
2168329,"Vannessa","Bozenski","Voula"
9557037,"Jaleesa","Mems","Chalandri"
3675725,"Palmira","Sjostrand","Alexandre"
13358592,"Daphine","Swales","Rafina"
7622169,"Desmond","Ciubal","Rhodes"
7870063,"Mendy","Okoro","Ermoupoli"
9902078,"Leigh","Wellenstein","Dafni"
2441196,"Cristen","Solari","Tavros"
8605403,"Kelley","Dolin","Argyroupo"
2033391,"Cherelle","Ruhle","Glyka Ner"
8541498,"Sadie","Cosgriff","Corinth"
5326149,"Angeline","Tools","Nea Eryth"
4777587,"Shasta","Becklund","Ermoupoli"
6124206,"Yelena","Bertel","Corinth"
5668049,"Wendy","Howland","Ioannina"
14215202,"Verla","Gins","Palaio Fa"
6123397,"Fidela","Husman","Nea Alika"
7315488,"Cecilia","Demuro","Kalamata"
7827538,"Lizzie","Santacruz","Peristeri"
8908448,"Jamal","Feazel","Ymittos"
8455738,"Frank","Eisenhart","Kalamaria"
8540909,"Matilde","Aughtman","Xanthi"
12743065,"Kate","Krishnamurthy","Alimos"
12398229,"Rima","Puppe","Volos"
11435941,"Charolette","Bonar","Panorama"
633175,"Toney","Smithson","Lamia"
12103208,"Ivey","Willhite","Vari"
12969863,"Cherelle","Bisby","Agia Para"
5545982,"Ping","Parihar","Gazi"
6668932,"James","Doliveira","Ilioupoli"
10541933,"Carita","Labitan","Palaio Fa"
4608760,"Shonta","Fargnoli","Grevena"
3244922,"Sebastian","Frint","Agios Ioa"
4000303,"Laverna","Huch","Palaio Fa"
2958349,"Matilde","Morgano","Pefki"
2480443,"Tien","Baswell","Nikaia"
10810159,"Brett","Stolle","Kifissia"
7792240,"Gaylene","Pinelo","Keratsini"
9188820,"Sonny","Cooperwood","Kamatero"
9472985,"Rebbeca","Ores","Alimos"
1920167,"Burt","Monestime","Nea Makri"
9386375,"Jodee","Dante","Aspropyrg"
4841093,"Jerrell","Cherny","Pefka"
6099550,"Apryl","Callon","Chalandri"
4657817,"Alan","Talerico","Panorama"
6776645,"Xavier","Gaw","Chania"
9309881,"Gerald","Boniello","Serres"
10628858,"Clark","Froeliger","Heraklion"
12227643,"Elissa","Eavenson","Vrilissia"
13345017,"Yong","Toliongco","Rafina"
13185735,"Gertrude","Voitier","Sparta"
2860683,"Krishna","Aynes","Livadeia"
10763298,"Milo","Serapio","Evosmos"
9810112,"Pansy","Santacruz","Sparta"
1361135,"Logan","Swets","Ellinikon"
13810572,"Modesto","Husman","Eleusina"
11487666,"Hassie","Mceaddy","Rhodes"
2327065,"Lina","Pickersgill","Polichni"
3528609,"Jolie","Brisbin","Cholargos"
7024166,"Lesa","Wesche","Vyronas"
4609229,"Arnette","Grierson","Arta"
7317196,"Newton","Dacus","Katerini"
5532174,"Cheri","Clemments","Alimos"
2661051,"Stuart","Chhan","Kalamaria"
7621825,"Sid","Dedinas","Chaidari"
1282335,"Etta","Gauthier","Ellinikon"
3202429,"Pat","Yahn","Koropi"
1524933,"Fausto","Castellano","Ioannina"
6398399,"Ina","Ache","Tripoli"
5901283,"Anette","Palo","Aspropyrg"
12625798,"Linn","Scardina","Aigio"
8341677,"Cordie","Alert","Nafplio"
2187454,"Sharika","Chalker","Neo Psych"
5749895,"Tanisha","Destefani","Kastoria"
621700,"Tegan","Peddie","Missolong"
7679004,"Deborah","Cancino","Irakleio"
1890922,"Reagan","Council","Panorama"
3453773,"Philip","Gragson","Kalamaria"
7579135,"Adriane","Caza","Nea Filad"
7879274,"Ben","Honeycott","Acharnes"
7398055,"Leta","Kuehl","Alexandro"
9758285,"Kaitlin","Wroten","Thebes"
6517986,"Jarod","Sieminski","Arta"
10033141,"Maryrose","Coolbaugh","Argos"
10811690,"Jetta","Kleinsorge","Drama"
1857046,"Rhona","Culbreth","Dafni"
3451655,"Kaitlin","Ruediger","Tripoli"
10062880,"Alia","Zaiss","Agrinio"
5667505,"Johnnie","Bracy","Drama"
2541510,"Donya","Rickson","Florina"
12563603,"Elizbeth","Jagher","Pyrgos"
13297423,"Kendall","Mussman","Corinth"
11964530,"Candace","Priefert","Livadeia"
11059646,"Elaina","Goldston","Megara"
4207290,"Boyce","Cisar","Giannitsa"
13073753,"Solange","Vancleave","Glyfada"
4806463,"Bryant","Cisar","Vari"
3309399,"Shaunna","Distler","Agia Varv"
4775272,"Chung","Eudy","Kalamaria"
9741734,"Rosaline","Grace","Gazi"
4999438,"Glayds","Weal","Nea Alika"
8843537,"Diann","Uhm","Papagou"
739380,"Catalina","Kurdyla","Drama"
7289564,"Marvella","Gavett","Nea Makri"
4724275,"Ashley","Arts","Rethymno"
12113179,"Byron","Stastny","Kalamata"
14153389,"Dorathy","Jagher","Kalyvia T"
13807178,"Dorris","Sermon","Ierapetra"
6967276,"Melissa","Dench","Paiania"
11789799,"Noel","Romig","Kamatero"
5614437,"Renee","Strople","Argos"
2508873,"Pearly","Faull","Polichni"
1599040,"Victor","Lamberth","Pylaia"
12325116,"Tiana","Kuligowski","Arta"
5334197,"Moises","Ondrusek","Florina"
557800,"Lanora","Teachey","Thebes"
6085671,"Giuseppina","Fruman","Stavroupo"
14222005,"Guy","Dorph","Ano Liosi"
13606375,"Gale","Duskey","Alexandre"
13514817,"Maryland","Piccone","Pefka"
13220181,"Louvenia","Duerst","Argos"
1136721,"Anthony","Mceirath","Pylaia"
9079524,"Rosenda","Philippi","Athens"
12079783,"Mona","Milliren","Megara"
7756237,"Karie","Kaderlik","Peristeri"
5917574,"Xavier","Leaf","Kastoria"
6149842,"Krista","Jimbo","Pyrgos"
3614637,"Dusti","Wenthold","Metamorfo"
3994950,"Erma","Mccraig","Agios Ioa"
13035574,"Estella","Kreuter","Vari"
5117115,"Hayley","Keaveney","Ellinikon"
13226779,"Germaine","Jacobitz","Athens"
4955603,"Ashanti","Alcombright","Neapoli"
11253185,"Temeka","Nolin","Kilkis"
2873725,"Lanora","Gallmon","Galatsi"
3229878,"Yelena","Saxfield","Perama"
8817650,"Lillia","Bicknell","Serres"
11691203,"Amber","Chiado","Paiania"
3935520,"Lakeesha","Ainge","Kos"
13273017,"Hipolito","Berner","Vrilissia"
1583751,"Danille","Derenzi","Ialysos"
8989112,"Heidi","Sesso","Zografou"
10904963,"Zenobia","Hannasch","Karditsa"
5218948,"Addie","Muench","Chaidari"
5367160,"Suzan","Felonia","Ialysos"
5585792,"Jacqulyn","Hacken","Salamis"
9925778,"Sammie","Parlett","Corinth"
3851529,"Herb","Tinnerello","Menemeni"
6429075,"Ria","Crewe","Metamorfo"
3639106,"Kaycee","Eisenhart","Drapetson"
12051134,"Letitia","Pizzini","Serres"
